{"mean": {"u10": -1.319066199622093, "v10": 0.28802267194568, "t2m": 299.2926993046769, "sp": 100337.928830444, "msl": 100778.05474752128}, "std": {"u10": 6.740853558397904, "v10": 6.595901119874981, "t2m": 2.5853279742163586, "sp": 2175.453720673981, "msl": 588.1937344262914}}