{"mean": {"irwin_cdr": 260.2200605623411, "irwvp": 232.67905540020342, "vschn": 0.5357167075158356}, "std": {"irwin_cdr": 29.30885205279533, "irwvp": 13.59363151949725, "vschn": 0.379802406372684}}