{"mean": {"v10": [0.22575792335029873], "u10": [-0.14186215714480854], "t2m": [278.7854495405721], "sp": [96672.96548579562], "msl": [100980.83590625007]}, "std": {"v10": [4.798220612223473], "u10": [5.610453475051704], "t2m": [21.32010786700973], "sp": [9580.331095986492], "msl": [1336.2115992274876]}, "count": 2750}