{"mean": {"z_overall": 125173.77185546875, "z": [777.5631800842285, 2806.6911419677767, 4880.769941406251, 7002.870792236329, 9175.857954101568, 11402.84267333983, 13687.02337158203, 16031.525583496094, 18439.37236816406, 20913.51230468748, 23457.279204101567, 28769.254521484374, 34409.91857421876, 40425.96180664062, 46874.99372070313, 53826.54542968748, 61368.859130859375, 69620.0044531249, 78745.945078125, 88999.83613281258, 100822.13164062506, 107551.17681640621, 115011.55044921875, 123395.13201171876, 132973.8087890624, 144168.34273437515, 157706.1917968749, 179254.20781250007, 199832.31609374992, 231648.1046875, 257369.633828125, 302391.6971875003, 326148.29640625, 349188.804375, 385898.7467187499, 416444.811875, 470007.90359375], "q_overall": 0.0016609070883714593, "q": [0.006659231842495503, 0.006508124030660836, 0.006180181269301101, 0.005698622210184111, 0.005229148901998995, 0.004779181429184972, 0.004328316930914292, 0.003895292008528486, 0.003504167633363977, 0.003151517739752307, 0.002823496932396666, 0.002245682779466732, 0.0017783852928550915, 0.0014082587775192225, 0.0010869937593815861, 0.0007819174298492726, 0.0005401131762482684, 0.0003586592462670523, 0.00022093375020631356, 0.00012106754767955863, 5.37612270545651e-05, 3.1880958731562706e-05, 1.7365863168379306e-05, 8.887264439181295e-06, 4.689598504228342e-06, 3.032497714912096e-06, 2.557213611567022e-06, 2.7101390543293752e-06, 2.8248029025235157e-06, 2.8785681178078434e-06, 2.918656103929608e-06, 3.0804213855617494e-06, 3.2166743511652386e-06, 3.3617744981029316e-06, 3.545218272620331e-06, 3.651859217939091e-06, 3.8337135470101216e-06], "u_overall": 5.067544518113135, "u": [-0.18604825597634778, 0.014575419906759663, 0.1831986801231688, 0.3961004569224316, 0.6612499056267552, 0.9589599340630222, 1.2827875773236155, 1.6256907974928618, 1.9794725690782076, 2.3418910357356073, 2.7121086287498475, 3.4704639464616776, 4.26914108872414, 5.110536641478544, 6.038327068090436, 7.07798705458641, 8.268079032897964, 9.628437678813944, 11.183755590915675, 12.895844810009004, 14.48938421010971, 15.056942412853239, 15.298378415107727, 15.109850177764892, 14.321160042285918, 12.678406665325161, 10.046632840633391, 6.356182322502137, 4.44909584343433, 0.7572945548904316, -2.5366748879943004, -4.663122029609662, -3.6527538601704896, -1.2890704965137414, 1.792431366236417, 3.4357510804757476, 5.936705157756806], "v_overall": 0.028403457459244247, "v": [-0.15797925526494516, -0.152254779834766, -0.11334734256146482, -0.062323193841984835, -0.02435781713542383, -0.0020319510312947365, 0.014846984493779027, 0.026666699802153734, 0.03010514150775634, 0.028390460408554644, 0.024946943822433242, 0.0075308467486320295, -0.011855637595126613, -0.022026948712546065, -0.017326252191560337, 0.0007164070030103152, -0.008457765014013602, -0.04722135595180817, -0.059056078250941904, 0.03872977272505523, 0.21001753183547414, 0.26851208267849863, 0.2956721917196408, 0.29721465504262573, 0.2678451650420902, 0.1749421462348983, 0.1010729405652091, 0.035401583576604036, 0.012106836824341376, 0.020043842778977715, 0.00465771341478103, -0.03084933991518482, -0.06255946054356175, -0.09668692563471275, -0.07074970662535636, -0.008126834754220965, 0.13870985066001587], "t_overall": 247.24390762329102, "t": [278.5929747772214, 277.2997010040281, 276.21999847412104, 275.3001181793211, 274.4359161376951, 273.6013989257812, 272.77368919372566, 271.89837799072285, 270.9205000305179, 269.8229228210445, 268.63149719238277, 265.99485839843743, 263.0967428588868, 259.84156120300344, 256.09259799957306, 251.74072200775146, 246.77826755523682, 241.16466262817383, 234.9638207244873, 228.6614455413818, 223.53410289764412, 221.58114109039306, 219.73181056976318, 217.6849419784546, 215.23375904083258, 212.61522850036621, 210.3573041915893, 211.44547527313233, 214.66564151763913, 219.08330230712897, 222.90260936737062, 229.70379344940184, 234.8047568511963, 242.76109550476073, 257.88357688903875, 266.1968101501466, 270.00755813598647], "r_overall": 40.394069585800146, "r": [80.17475992202763, 81.89339225769044, 82.05619462966922, 80.0935426521301, 77.31068056106565, 74.06146982192983, 70.40090473175046, 66.74169216156014, 63.65694343566894, 61.238844032287595, 59.20706973075867, 55.94804849624633, 53.78221703529358, 52.604153957366925, 51.98551220893857, 51.816392965316794, 52.520214595794705, 54.109504508972165, 55.61435362815857, 53.635069522857655, 42.4717398929596, 35.659886183738735, 29.037648782730102, 23.85700461387634, 21.362764282226564, 21.92401524066924, 23.441656923294072, 11.165672419071193, 3.7584114503860486, 1.6763820819556718, 0.9495417647063722, 0.2976933006197218, 0.10302423514425761, 0.02450558412820101, 0.0026089991186745458, 0.0007830015913350504, 0.0002408742079387594], "w_overall": 0.004383492262859363, "w": [0.022094985805451873, 0.0216572742210701, 0.019905026827473193, 0.017870978915598242, 0.01588542067212984, 0.013868597075343127, 0.011905601065373044, 0.010102826043148527, 0.008454037891642651, 0.006905023376311874, 0.005377083962594045, 0.002986208360084676, 0.0012120617383675368, 0.0008260514670288897, 0.000692131803097027, 0.000629533462382596, 0.0005991482839004908, 0.0005541121261796886, 0.0004358308141377164, 0.0002701366509023725, 0.00013300039120110795, 0.00010626948278826373, 9.627545935728681e-05, 8.954200330800081e-05, 6.651518481056939e-05, 2.8853250523752642e-05, -1.511444107139435e-05, -5.620325117561725e-05, -7.897719135826269e-05, -9.763219824087352e-05, -9.472476952721467e-05, -7.022762941403469e-05, -5.8008067545154444e-05, -4.455210098275765e-05, -2.651977333063105e-05, -1.5596725875788307e-05, -5.785629261385584e-06]}, "std": {"z_overall": 129782.78276610909, "z": [1098.9952409939283, 1112.6027805778692, 1142.3473460665198, 1187.5419349409494, 1246.4561469025161, 1317.5100178215614, 1399.3410970050247, 1490.8825928657998, 1590.9548416558155, 1698.5379482618182, 1812.9974354157323, 2060.9872289877453, 2334.319060376128, 2629.7201995715513, 2949.675806600318, 3299.702929930327, 3683.8414755168196, 4104.233456672573, 4557.44791664416, 5020.194961603476, 5405.73040397736, 5516.599935297351, 5540.73074484052, 5460.536820725648, 5253.301115477269, 4886.876297159263, 4357.588191568988, 3756.1336388685854, 3755.2810557402927, 4396.22650565561, 5144.265045354613, 6650.516303503411, 7495.09074134178, 8295.69333798942, 9517.614470978018, 10519.593543281839, 12104.888878805084], "q_overall": 0.0034514906703841854, "q": [0.00611814321149996, 0.005991895878203082, 0.005660814318820206, 0.005201345241925773, 0.004817240293151429, 0.004489990425884411, 0.004184742037434761, 0.0038904524158168458, 0.0036034287117598773, 0.0033171467057458016, 0.0030338747907811383, 0.0024928432426471183, 0.0020354637234126743, 0.0016946778969914426, 0.0013932648476959186, 0.001023028433607086, 0.0007179488022534093, 0.00048331132466880735, 0.0002993454787338255, 0.00016131853114827985, 7.02963683704546e-05, 4.0895619708336846e-05, 2.093742795871515e-05, 9.154817617587747e-06, 3.1627283344500357e-06, 7.369263717657513e-07, 4.2315237954921815e-07, 2.105491580661734e-07, 1.1555282996146702e-07, 1.6058042115095855e-07, 2.133802768772255e-07, 2.9865161188496304e-07, 3.153152311774654e-07, 3.0755590168313815e-07, 2.862195110630825e-07, 2.547970205742875e-07, 1.620701293822839e-07], "u_overall": 16.97319982237474,