{"input": {"mean": [265.794274932016, 234.49398634416173, 0.2860357570308699, 0.48287747033798634], "std": [35.80253214781081, 22.558083579870512, 0.5928190107092519, 1.4689612849157234]}, "label": {"mean": [37.246752746844834, 10.64103261191301, 2010316789.1212156, 49.040946869297855, 51.23838024396363, 988.9592162921715], "std": [108.9243117173785, 18.143709153795598, 3967450.9677252527, 28.33988190313529, 57.502443938706776, 21.844814128245602]}}