{"input": {"mean": [265.25488, 234.28629, 0.29632863, 0.47898483], "std": [36.66675, 23.161737, 0.604668, 1.464002]}}