{"mean": {"u10": -1.289957823960359, "v10": 0.27237428122676627, "t2m": 298.9660346666944, "msl": 100845.74976102423}, "std": {"u10": 6.533398322514423, "v10": 6.398016943564267, "t2m": 2.861236976878957, "msl": 583.9219531278472}}