{"mean": {"irwin_cdr": 261.22357202341715, "irwvp": 232.89923045980765, "vschn": 0.3034253229512313}, "std": {"irwin_cdr": 28.89800607608603, "irwvp": 12.820050299764143, "vschn": 0.2997023012639268}}