{"mean": {"USA_WIND": 49.685795402509456, "USA_PRES": 989.6983240223465}, "std": {"USA_WIND": 27.98974932218054, "USA_PRES": 21.33261909282597}}